feature,importance
pressao_atm_estacao,0.13087671843930201
umidade_relativa,0.1041171488537699
humidity_trend,0.09838881499285866
temp_change_3h,0.0963892893036877
pressure_change,0.09162260077290935
radiacao_global,0.09041308614911166
temperatura_max,0.08541466752328565
temperatura_ar,0.07528612787588494
temperatura_min,0.0731345172616155
hour,0.06238038874769543
month,0.0500312649468227
weekday,0.04194537513305641
